{"bleu": 0.01272905541898773, "precisions": [0.1399281548147862, 0.02365732907188068, 0.00466365290346159, 0.0017005432066925644], "brevity_penalty": 1.0, "length_ratio": 1.3453723431897313, "translation_length": 129445, "reference_length": 96215}