{"rouge1": 0.20488054886484858, "rouge2": 0.03120541221347134, "rougeL": 0.14987504738913565, "rougeLsum": 0.16325467659257367}