{"bleu": 0.009577961247365225, "precisions": [0.11086415705635053, 0.018069352778888055, 0.0034402539281982534, 0.001221147280330557], "brevity_penalty": 1.0, "length_ratio": 1.628439754732239, "translation_length": 207416, "reference_length": 127371}