{"rouge1": 0.19767102330595587, "rouge2": 0.03066924383699672, "rougeL": 0.144491124212168, "rougeLsum": 0.15821601107190625}