{"All Classes": {"count": 29339.0, "mean": 0.9313914609345768, "std": 0.1341111245792814, "min": 0.1187091007693073, "25%": 0.9045240422841724, "50%": 1.0, "75%": 1.0, "max": 1.0}, "NTA": {"count": 23148.0, "mean": 0.9504556049789661, "std": 0.11287380177577325, "min": 0.2732210689092429, "25%": 1.0, "50%": 1.0, "75%": 1.0, "max": 1.0}, "YTA": {"count": 4680.0, "mean": 0.9206915556567525, "std": 0.13547492364791874, "min": 0.15168513167038133, "25%": 0.9045240422841724, "50%": 1.0, "75%": 1.0, "max": 1.0}, "NAH": {"count": 807.0, "mean": 0.7054880250274732, "std": 0.14797332790257098, "min": 0.2317040375818208, "25%": 0.5988492013190965, "50%": 0.7473582355645992, "75%": 0.7969523368808925, "max": 1.0}, "ESH": {"count": 704.0, "mean": 0.6346341074370266, "std": 0.1560050902230072, "min": 0.1187091007693073, "25%": 0.5025831548962908, "50%": 0.6338090209579044, "75%": 0.7473582355645992, "max": 1.0}}