{"bleu": 0.005652045722703412, "precisions": [0.08077885643934042, 0.011812681299506278, 0.00201609628534767, 0.0005304753507144617], "brevity_penalty": 1.0, "length_ratio": 6.010979345485427, "translation_length": 990940, "reference_length": 164855}