{"rouge1": 0.12721554528347198, "rouge2": 0.021947445015903216, "rougeL": 0.08093043304724368, "rougeLsum": 0.1020360465353594}