{"bleu": 0.008822096603215196, "precisions": [0.10645453547111794, 0.017303742899961148, 0.0032499719426882646, 0.001011820330969267], "brevity_penalty": 1.0, "length_ratio": 1.7471639285286005, "translation_length": 218544, "reference_length": 125085}