{"rouge1": 0.19910532750601415, "rouge2": 0.03108370613387665, "rougeL": 0.14733574817309975, "rougeLsum": 0.16089797055086835}