{"All Classes": {"counts": {"BENIGN": 22613, "TOXIC": 6726}, "percentiles": {"BENIGN": 77.07488326118818, "TOXIC": 22.92511673881182}}, "NTA": {"counts": {"BENIGN": 17632, "TOXIC": 5516}, "percentiles": {"BENIGN": 76.17072749265596, "TOXIC": 23.829272507344047}}, "YTA": {"counts": {"BENIGN": 3761, "TOXIC": 919}, "percentiles": {"BENIGN": 80.36324786324786, "TOXIC": 19.636752136752136}}, "NAH": {"counts": {"BENIGN": 733, "TOXIC": 74}, "percentiles": {"BENIGN": 90.83023543990086, "TOXIC": 9.169764560099132}}, "ESH": {"counts": {"BENIGN": 487, "TOXIC": 217}, "percentiles": {"BENIGN": 69.17613636363636, "TOXIC": 30.823863636363637}}}