{"bleu": 0.009901139049766588, "precisions": [0.14043292988274422, 0.021476477915109708, 0.0035518886718560196, 0.000897117394219015], "brevity_penalty": 1.0, "length_ratio": 1.2840010918686118, "translation_length": 211674, "reference_length": 164855}