{"rouge1": 0.19925899453068757, "rouge2": 0.028501606575380256, "rougeL": 0.14555365160144346, "rougeLsum": 0.15943431749811032}